{
  "rmse": 2.5763772941350496,
  "r2": 0.4229168423951576,
  "pearson": 0.7102207758411544,
  "spearman": 0.7551649219568198,
  "num_samples": 50
}